2021-02-26 09:30:00-05:00,122.58999633789062,123.04000091552734,122.55999755859375,122.67009735107422,122.67009735107422,4866946
2021-02-26 09:31:00-05:00,122.68399810791016,122.7699966430664,122.30000305175781,122.66000366210938,122.66000366210938,582838
2021-02-26 09:32:00-05:00,122.67400360107422,123.22000122070312,122.62000274658203,123.00029754638672,123.00029754638672,632549
2021-02-26 09:33:00-05:00,123.0199966430664,123.02999877929688,122.0,122.43890380859375,122.43890380859375,545604
2021-02-26 09:34:00-05:00,122.41999816894531,122.41999816894531,122.41999816894531,122.41999816894531,122.41999816894531,613547
2021-02-26 09:35:00-05:00,122.41999816894531,122.73999786376953,122.4197998046875,122.6500015258789,122.6500015258789,608670
2021-02-26 09:36:00-05:00,123.0,123.02999877929688,122.87999725341797,122.91000366210938,122.91000366210938,607075
2021-02-26 09:37:00-05:00,122.93170166015625,123.125,122.91999816894531,123.0541000366211,123.0541000366211,483520
2021-02-26 09:38:00-05:00,123.25,123.45999908447266,123.25,123.41999816894531,123.41999816894531,631443
2021-02-26 09:39:00-05:00,123.42970275878906,123.4800033569336,123.22000122070312,123.4800033569336,123.4800033569336,575161
2021-02-26 09:40:00-05:00,123.75,123.93000030517578,123.7385025024414,123.86849975585938,123.86849975585938,861406
2021-02-26 09:41:00-05:00,123.64849853515625,123.75,123.58999633789062,123.61000061035156,123.61000061035156,552555
2021-02-26 09:42:00-05:00,123.58999633789062,123.5999984741211,123.0999984741211,123.1500015258789,123.1500015258789,691213
2021-02-26 09:43:00-05:00,123.0,123.29000091552734,123.0,123.08000183105469,123.08000183105469,558471
2021-02-26 09:44:00-05:00,123.0,123.25,122.9896011352539,123.23989868164062,123.23989868164062,522924
2021-02-26 09:45:00-05:00,123.25,123.25,122.88999938964844,123.0999984741211,123.0999984741211,493775
2021-02-26 09:46:00-05:00,123.125,123.25,123.11000061035156,123.1500015258789,123.1500015258789,193606
2021-02-26 09:47:00-05:00,123.5801010131836,123.6500015258789,123.56999969482422,123.58000183105469,123.58000183105469,637940
2021-02-26 09:48:00-05:00,123.0,123.26000213623047,123.0,123.2499008178711,123.2499008178711,669528
2021-02-26 09:49:00-05:00,123.25,123.25,123.0999984741211,123.19499969482422,123.19499969482422,364257
2021-02-26 09:50:00-05:00,123.125,123.23999786376953,123.05999755859375,123.20899963378906,123.20899963378906,495795
2021-02-26 09:51:00-05:00,123.0,123.05000305175781,122.58999633789062,122.65010070800781,122.65010070800781,658506
2021-02-26 09:52:00-05:00,122.66999816894531,122.76000213623047,122.58999633789062,122.62010192871094,122.62010192871094,534701
2021-02-26 09:53:00-05:00,122.75,122.80000305175781,122.74500274658203,122.77999877929688,122.77999877929688,428354
2021-02-26 09:54:00-05:00,122.8301010131836,122.8301010131836,122.55999755859375,122.58499908447266,122.58499908447266,440750
2021-02-26 09:55:00-05:00,122.5,122.50019836425781,122.12999725341797,122.18000030517578,122.18000030517578,584562
2021-02-26 09:56:00-05:00,122.25,122.26499938964844,122.05000305175781,122.08000183105469,122.08000183105469,531461
2021-02-26 09:57:00-05:00,122.25,122.27999877929688,122.22000122070312,122.25,122.25,494468
2021-02-26 09:58:00-05:00,122.5,122.51000213623047,122.33000183105469,122.43840026855469,122.43840026855469,390186
2021-02-26 09:59:00-05:00,122.41000366210938,122.48999786376953,122.19999694824219,122.31500244140625,122.31500244140625,400622
2021-02-26 10:00:00-05:00,122.31999969482422,122.33999633789062,121.77999877929688,121.8385009765625,121.8385009765625,684180
2021-02-26 10:01:00-05:00,121.83999633789062,121.95999908447266,121.68000030517578,121.9000015258789,121.9000015258789,656196
2021-02-26 10:02:00-05:00,121.8812026977539,122.01000213623047,121.69999694824219,121.76000213623047,121.76000213623047,492956
2021-02-26 10:03:00-05:00,121.76409912109375,121.94999694824219,121.7300033569336,121.81929779052734,121.81929779052734,537460
2021-02-26 10:04:00-05:00,121.80999755859375,122.4000015258789,121.69000244140625,122.36990356445312,122.36990356445312,762252
2021-02-26 10:05:00-05:00,122.36499786376953,122.36949920654297,122.16000366210938,122.26000213623047,122.26000213623047,530630
2021-02-26 10:06:00-05:00,122.25,122.25900268554688,121.8499984741211,122.06999969482422,122.06999969482422,571134
2021-02-26 10:07:00-05:00,122.05999755859375,122.1500015258789,121.87999725341797,122.1500015258789,122.1500015258789,486851
2021-02-26 10:08:00-05:00,122.1500015258789,122.25,121.95999908447266,121.97000122070312,121.97000122070312,355409
2021-02-26 10:09:00-05:00,121.97000122070312,121.97000122070312,121.56999969482422,121.62000274658203,121.62000274658203,617311
2021-02-26 10:10:00-05:00,121.61000061035156,121.75,121.37000274658203,121.54000091552734,121.54000091552734,623458
2021-02-26 10:11:00-05:00,121.52999877929688,121.54000091552734,121.29000091552734,121.37000274658203,121.37000274658203,444197
2021-02-26 10:12:00-05:00,121.36219787597656,121.98999786376953,121.36219787597656,121.90010070800781,121.90010070800781,630057
2021-02-26 10:13:00-05:00,121.90010070800781,122.05999755859375,121.76000213623047,121.95999908447266,121.95999908447266,451292
2021-02-26 10:14:00-05:00,121.94000244140625,122.08499908447266,121.7699966430664,121.9229965209961,121.9229965209961,351737
2021-02-26 10:15:00-05:00,121.91999816894531,122.08000183105469,121.77999877929688,121.7969970703125,121.7969970703125,342547
2021-02-26 10:16:00-05:00,121.80000305175781,122.19000244140625,121.61000061035156,122.18000030517578,122.18000030517578,407876
2021-02-26 10:17:00-05:00,122.16999816894531,122.47000122070312,122.08999633789062,122.44999694824219,122.44999694824219,510502
2021-02-26 10:18:00-05:00,122.44989776611328,122.58999633789062,122.25189971923828,122.26000213623047,122.26000213623047,444892
2021-02-26 10:19:00-05:00,122.26000213623047,122.4800033569336,122.2300033569336,122.44999694824219,122.44999694824219,356843
2021-02-26 10:20:00-05:00,122.44999694824219,122.51000213623047,122.25,122.44999694824219,122.44999694824219,379081
2021-02-26 10:21:00-05:00,122.44000244140625,122.7699966430664,122.37000274658203,122.75849914550781,122.75849914550781,412311
2021-02-26 10:22:00-05:00,122.76930236816406,122.79000091552734,122.47000122070312,122.51000213623047,122.51000213623047,442931
2021-02-26 10:23:00-05:00,122.5167007446289,122.55000305175781,122.31999969482422,122.37000274658203,122.37000274658203,355213
2021-02-26 10:24:00-05:00,122.37999725341797,122.44499969482422,122.29000091552734,122.30999755859375,122.30999755859375,286906
2021-02-26 10:25:00-05:00,122.30999755859375,122.72000122070312,122.24150085449219,122.68000030517578,122.68000030517578,508903
2021-02-26 10:26:00-05:00,122.68499755859375,122.87000274658203,122.49500274658203,122.625,122.625,400044
2021-02-26 10:27:00-05:00,122.62999725341797,122.63999938964844,121.97000122070312,121.97799682617188,121.97799682617188,406768
2021-02-26 10:28:00-05:00,121.9800033569336,122.08499908447266,121.4800033569336,121.62000274658203,121.62000274658203,579414
2021-02-26 10:29:00-05:00,121.61409759521484,121.86000061035156,121.38999938964844,121.5,121.5,561192
2021-02-26 10:30:00-05:00,121.47000122070312,121.69999694824219,121.44000244140625,121.56999969482422,121.56999969482422,381700
2021-02-26 10:31:00-05:00,121.56999969482422,121.79000091552734,121.4800033569336,121.6500015258789,121.6500015258789,412260
2021-02-26 10:32:00-05:00,121.66490173339844,121.95999908447266,121.61499786376953,121.88990020751953,121.88990020751953,365867
2021-02-26 10:33:00-05:00,121.88999938964844,121.89800262451172,121.55000305175781,121.70999908447266,121.70999908447266,365254
2021-02-26 10:34:00-05:00,121.72000122070312,121.95500183105469,121.66999816894531,121.70999908447266,121.70999908447266,332646
2021-02-26 10:35:00-05:00,121.7300033569336,121.81999969482422,121.5999984741211,121.6500015258789,121.6500015258789,324584
2021-02-26 10:36:00-05:00,121.66000366210938,121.70999908447266,121.4000015258789,121.61000061035156,121.61000061035156,413992
2021-02-26 10:37:00-05:00,121.61000061035156,122.15010070800781,121.60820007324219,122.12000274658203,122.12000274658203,507828
2021-02-26 10:38:00-05:00,122.12000274658203,122.48999786376953,121.9800033569336,122.48500061035156,122.48500061035156,451513
2021-02-26 10:39:00-05:00,122.5,122.95999908447266,122.38999938964844,122.87000274658203,122.87000274658203,627526
2021-02-26 10:40:00-05:00,122.86000061035156,122.88999938964844,122.69999694824219,122.83999633789062,122.83999633789062,474055
2021-02-26 10:41:00-05:00,122.8301010131836,123.04000091552734,122.61000061035156,122.87999725341797,122.87999725341797,606163
2021-02-26 10:42:00-05:00,122.87010192871094,123.2699966430664,122.86000061035156,123.20500183105469,123.20500183105469,605447
2021-02-26 10:43:00-05:00,123.19999694824219,123.29000091552734,122.94999694824219,122.95999908447266,122.95999908447266,456608
2021-02-26 10:44:00-05:00,122.95999908447266,123.12999725341797,122.94000244140625,123.04989624023438,123.04989624023438,405141
2021-02-26 10:45:00-05:00,123.04499816894531,123.29000091552734,123.02999877929688,123.2300033569336,123.2300033569336,362829
2021-02-26 10:46:00-05:00,123.23999786376953,123.52999877929688,123.20999908447266,123.45999908447266,123.45999908447266,541069
2021-02-26 10:47:00-05:00,123.46929931640625,123.54000091552734,123.33000183105469,123.48999786376953,123.48999786376953,381343
2021-02-26 10:48:00-05:00,123.49009704589844,123.51000213623047,123.20079803466797,123.26499938964844,123.26499938964844,464022
2021-02-26 10:49:00-05:00,123.2699966430664,123.4800033569336,123.18000030517578,123.47699737548828,123.47699737548828,373602
2021-02-26 10:50:00-05:00,123.4749984741211,123.54000091552734,123.23999786376953,123.38240051269531,123.38240051269531,498041
2021-02-26 10:51:00-05:00,123.38999938964844,123.55000305175781,123.32009887695312,123.51000213623047,123.51000213623047,408033
2021-02-26 10:52:00-05:00,123.51580047607422,123.81849670410156,123.48999786376953,123.68000030517578,123.68000030517578,510815
2021-02-26 10:53:00-05:00,123.68499755859375,124.1050033569336,123.63999938964844,124.09500122070312,124.09500122070312,797699
2021-02-26 10:54:00-05:00,124.09639739990234,124.12000274658203,123.65499877929688,123.9000015258789,123.9000015258789,611822
2021-02-26 10:55:00-05:00,123.91000366210938,123.91000366210938,123.58000183105469,123.66000366210938,123.66000366210938,375513
2021-02-26 10:56:00-05:00,123.66500091552734,123.87000274658203,123.66000366210938,123.84500122070312,123.84500122070312,402667
2021-02-26 10:57:00-05:00,123.86000061035156,123.86000061035156,123.58000183105469,123.6449966430664,123.6449966430664,422178
2021-02-26 10:58:00-05:00,123.6500015258789,123.8499984741211,123.64929962158203,123.83000183105469,123.83000183105469,392798
2021-02-26 10:59:00-05:00,123.83000183105469,124.01000213623047,123.80999755859375,123.83999633789062,123.83999633789062,469812
2021-02-26 11:00:00-05:00,123.83999633789062,124.06999969482422,123.55999755859375,123.61990356445312,123.61990356445312,536280
2021-02-26 11:01:00-05:00,123.61000061035156,123.7699966430664,123.5199966430664,123.74500274658203,123.74500274658203,402404
2021-02-26 11:02:00-05:00,123.75,124.05000305175781,123.69999694824219,124.04810333251953,124.04810333251953,459173
2021-02-26 11:03:00-05:00,124.05000305175781,124.05999755859375,123.69999694824219,123.75,123.75,506472
2021-02-26 11:04:00-05:00,123.75499725341797,124.0999984741211,123.75,124.08000183105469,124.08000183105469,417708
2021-02-26 11:05:00-05:00,124.08499908447266,124.0999984741211,123.86000061035156,124.05000305175781,124.05000305175781,394030
2021-02-26 11:06:00-05:00,124.05000305175781,124.20999908447266,123.80999755859375,123.88999938964844,123.88999938964844,527519
2021-02-26 11:07:00-05:00,123.8949966430664,123.93000030517578,123.63999938964844,123.73999786376953,123.73999786376953,337589
2021-02-26 11:08:00-05:00,123.7332992553711,123.9800033569336,123.7300033569336,123.73999786376953,123.73999786376953,261173
2021-02-26 11:09:00-05:00,123.74500274658203,123.88790130615234,123.72019958496094,123.76000213623047,123.76000213623047,208212
2021-02-26 11:10:00-05:00,123.76000213623047,123.91999816894531,123.62999725341797,123.80999755859375,123.80999755859375,265094
2021-02-26 11:11:00-05:00,123.81999969482422,123.83999633789062,123.36039733886719,123.49500274658203,123.49500274658203,411919
2021-02-26 11:12:00-05:00,123.5,123.53009796142578,123.31999969482422,123.32499694824219,123.32499694824219,280519
2021-02-26 11:13:00-05:00,123.33000183105469,123.5,123.30000305175781,123.32849884033203,123.32849884033203,243592
2021-02-26 11:14:00-05:00,123.30999755859375,123.44999694824219,123.20999908447266,123.38999938964844,123.38999938964844,258912
2021-02-26 11:15:00-05:00,123.3949966430664,123.56999969482422,123.29000091552734,123.44999694824219,123.44999694824219,246427
2021-02-26 11:16:00-05:00,123.44000244140625,123.50499725341797,123.19999694824219,123.29499816894531,123.29499816894531,246294
2021-02-26 11:17:00-05:00,123.29000091552734,123.58000183105469,123.26000213623047,123.47000122070312,123.47000122070312,234171
2021-02-26 11:18:00-05:00,123.47000122070312,123.52999877929688,123.04000091552734,123.11000061035156,123.11000061035156,313512
2021-02-26 11:19:00-05:00,123.11000061035156,123.2490005493164,123.08999633789062,123.19999694824219,123.19999694824219,316761
2021-02-26 11:20:00-05:00,123.20010375976562,123.31999969482422,123.06999969482422,123.21080017089844,123.21080017089844,279295
2021-02-26 11:21:00-05:00,123.20999908447266,123.33000183105469,123.1500015258789,123.30999755859375,123.30999755859375,227545
2021-02-26 11:22:00-05:00,123.31999969482422,123.44999694824219,123.25,123.33000183105469,123.33000183105469,228850
2021-02-26 11:23:00-05:00,123.33999633789062,123.3949966430664,123.01000213623047,123.04000091552734,123.04000091552734,320540
2021-02-26 11:24:00-05:00,123.05000305175781,123.19000244140625,123.0,123.16999816894531,123.16999816894531,344801
2021-02-26 11:25:00-05:00,123.16999816894531,123.44000244140625,123.16999816894531,123.31999969482422,123.31999969482422,312823
2021-02-26 11:26:00-05:00,123.30999755859375,123.4000015258789,123.20079803466797,123.3583984375,123.3583984375,268701
2021-02-26 11:27:00-05:00,123.36000061035156,123.55999755859375,123.31999969482422,123.4800033569336,123.4800033569336,291836
2021-02-26 11:28:00-05:00,123.4800033569336,123.5199966430664,123.31999969482422,123.5009994506836,123.5009994506836,282935
2021-02-26 11:29:00-05:00,123.51000213623047,123.57929992675781,123.34110260009766,123.49500274658203,123.49500274658203,241301
2021-02-26 11:30:00-05:00,123.51000213623047,123.75,123.4198989868164,123.63999938964844,123.63999938964844,263458
2021-02-26 11:31:00-05:00,123.63999938964844,123.93499755859375,123.61479949951172,123.93499755859375,123.93499755859375,239711
2021-02-26 11:32:00-05:00,123.94000244140625,124.0999984741211,123.91000366210938,124.0801010131836,124.0801010131836,372722
2021-02-26 11:33:00-05:00,124.06999969482422,124.19999694824219,124.06999969482422,124.18499755859375,124.18499755859375,272258
2021-02-26 11:34:00-05:00,124.18499755859375,124.27999877929688,124.00499725341797,124.19999694824219,124.19999694824219,438155
2021-02-26 11:35:00-05:00,124.19000244140625,124.2699966430664,124.17150115966797,124.20999908447266,124.20999908447266,219129
2021-02-26 11:36:00-05:00,124.20999908447266,124.38999938964844,124.12000274658203,124.37999725341797,124.37999725341797,383267
2021-02-26 11:37:00-05:00,124.375,124.37999725341797,124.1707992553711,124.18080139160156,124.18080139160156,332976
2021-02-26 11:38:00-05:00,124.19000244140625,124.41999816894531,124.19000244140625,124.3593978881836,124.3593978881836,248588
2021-02-26 11:39:00-05:00,124.35009765625,124.4800033569336,124.30999755859375,124.375,124.375,260011
2021-02-26 11:40:00-05:00,124.3759994506836,124.43000030517578,124.30000305175781,124.30999755859375,124.30999755859375,187758
2021-02-26 11:41:00-05:00,124.30000305175781,124.32499694824219,124.12110137939453,124.31079864501953,124.31079864501953,413983
2021-02-26 11:42:00-05:00,124.33000183105469,124.47000122070312,124.11699676513672,124.16999816894531,124.16999816894531,351066
2021-02-26 11:43:00-05:00,124.18499755859375,124.3093032836914,124.16000366210938,124.2699966430664,124.2699966430664,267250
2021-02-26 11:44:00-05:00,124.2699966430664,124.3499984741211,124.18000030517578,124.26499938964844,124.26499938964844,230441
2021-02-26 11:45:00-05:00,124.26000213623047,124.33499908447266,123.94889831542969,123.98999786376953,123.98999786376953,340086
2021-02-26 11:46:00-05:00,123.98079681396484,124.05860137939453,123.86000061035156,123.93000030517578,123.93000030517578,257542
2021-02-26 11:47:00-05:00,123.93499755859375,123.98999786376953,123.75,123.91999816894531,123.91999816894531,339192
2021-02-26 11:48:00-05:00,123.91000366210938,124.08100128173828,123.9000015258789,124.05500030517578,124.05500030517578,205919
2021-02-26 11:49:00-05:00,124.06999969482422,124.16000366210938,124.06999969482422,124.13899993896484,124.13899993896484,178243
2021-02-26 11:50:00-05:00,124.13999938964844,124.31999969482422,123.98999786376953,124.31999969482422,124.31999969482422,303699
2021-02-26 11:51:00-05:00,124.32499694824219,124.33000183105469,124.19999694824219,124.23999786376953,124.23999786376953,163548
2021-02-26 11:52:00-05:00,124.23500061035156,124.26000213623047,124.02999877929688,124.05000305175781,124.05000305175781,186406
2021-02-26 11:53:00-05:00,124.04000091552734,124.1500015258789,123.95999908447266,124.07879638671875,124.07879638671875,207901
2021-02-26 11:54:00-05:00,124.08000183105469,124.1050033569336,123.93000030517578,124.05010223388672,124.05010223388672,206332
2021-02-26 11:55:00-05:00,124.05000305175781,124.19999694824219,123.98999786376953,124.19000244140625,124.19000244140625,168345
2021-02-26 11:56:00-05:00,124.19180297851562,124.37999725341797,124.12999725341797,124.36080169677734,124.36080169677734,369436
2021-02-26 11:57:00-05:00,124.36499786376953,124.37000274658203,124.23999786376953,124.28099822998047,124.28099822998047,176956
2021-02-26 11:58:00-05:00,124.30000305175781,124.3499984741211,124.2300033569336,124.2300033569336,124.2300033569336,194307
2021-02-26 11:59:00-05:00,124.2300033569336,124.36000061035156,124.16999816894531,124.36000061035156,124.36000061035156,206636
2021-02-26 12:00:00-05:00,124.3499984741211,124.37999725341797,124.16999816894531,124.25,124.25,249645
2021-02-26 12:01:00-05:00,124.25,124.32499694824219,124.13999938964844,124.19999694824219,124.19999694824219,188469
2021-02-26 12:02:00-05:00,124.19000244140625,124.23500061035156,124.12300109863281,124.2249984741211,124.2249984741211,208391
2021-02-26 12:03:00-05:00,124.20999908447266,124.27960205078125,124.15499877929688,124.19499969482422,124.19499969482422,157149
2021-02-26 12:04:00-05:00,124.19000244140625,124.19200134277344,124.0,124.02999877929688,124.02999877929688,211220
2021-02-26 12:05:00-05:00,124.02999877929688,124.02999877929688,123.7300033569336,123.83000183105469,123.83000183105469,385424
2021-02-26 12:06:00-05:00,123.83000183105469,123.87000274658203,123.7300033569336,123.80999755859375,123.80999755859375,203021
2021-02-26 12:07:00-05:00,123.80999755859375,124.05000305175781,123.80999755859375,124.02999877929688,124.02999877929688,229916
2021-02-26 12:08:00-05:00,124.0469970703125,124.19000244140625,124.00990295410156,124.18000030517578,124.18000030517578,317959
2021-02-26 12:09:00-05:00,124.18000030517578,124.31999969482422,124.12999725341797,124.27999877929688,124.27999877929688,441224
2021-02-26 12:10:00-05:00,124.28500366210938,124.5,124.28500366210938,124.44999694824219,124.44999694824219,367186
2021-02-26 12:11:00-05:00,124.45500183105469,124.58000183105469,124.4520034790039,124.47589874267578,124.47589874267578,419831
2021-02-26 12:12:00-05:00,124.4800033569336,124.48500061035156,124.25499725341797,124.31999969482422,124.31999969482422,255438
2021-02-26 12:13:00-05:00,124.30000305175781,124.41500091552734,124.29499816894531,124.41010284423828,124.41010284423828,149540
2021-02-26 12:14:00-05:00,124.41999816894531,124.6500015258789,124.41999816894531,124.56999969482422,124.56999969482422,364175
2021-02-26 12:15:00-05:00,124.56999969482422,124.58999633789062,124.41000366210938,124.56999969482422,124.56999969482422,214694
2021-02-26 12:16:00-05:00,124.58000183105469,124.69499969482422,124.55999755859375,124.68579864501953,124.68579864501953,246979
2021-02-26 12:17:00-05:00,124.69000244140625,124.75,124.67500305175781,124.70999908447266,124.70999908447266,227681
2021-02-26 12:18:00-05:00,124.70999908447266,124.76000213623047,124.66999816894531,124.73989868164062,124.73989868164062,214382
2021-02-26 12:19:00-05:00,124.7300033569336,124.75,124.58999633789062,124.69989776611328,124.69989776611328,274291
2021-02-26 12:20:00-05:00,124.69499969482422,124.7300033569336,124.52999877929688,124.56500244140625,124.56500244140625,196818
2021-02-26 12:21:00-05:00,124.55789947509766,124.55999755859375,124.41999816894531,124.41999816894531,124.41999816894531,264662
2021-02-26 12:22:00-05:00,124.41000366210938,124.44000244140625,124.2750015258789,124.30000305175781,124.30000305175781,273765
2021-02-26 12:23:00-05:00,124.31500244140625,124.44999694824219,124.2750015258789,124.36000061035156,124.36000061035156,196622
2021-02-26 12:24:00-05:00,124.35900115966797,124.44999694824219,124.30999755859375,124.44999694824219,124.44999694824219,135225
2021-02-26 12:25:00-05:00,124.44499969482422,124.49929809570312,124.29000091552734,124.45999908447266,124.45999908447266,264944
2021-02-26 12:26:00-05:00,124.46499633789062,124.47000122070312,124.30999755859375,124.41000366210938,124.41000366210938,200448
2021-02-26 12:27:00-05:00,124.43000030517578,124.43000030517578,124.19999694824219,124.23500061035156,124.23500061035156,244250
2021-02-26 12:28:00-05:00,124.23999786376953,124.28839874267578,124.15499877929688,124.23500061035156,124.23500061035156,158132
2021-02-26 12:29:00-05:00,124.23999786376953,124.28009796142578,124.12999725341797,124.19969940185547,124.19969940185547,187178
2021-02-26 12:30:00-05:00,124.19999694824219,124.33000183105469,124.19999694824219,124.19999694824219,124.19999694824219,125367
2021-02-26 12:31:00-05:00,124.20999908447266,124.40989685058594,124.20999908447266,124.33499908447266,124.33499908447266,193576
2021-02-26 12:32:00-05:00,124.33930206298828,124.36000061035156,124.16999816894531,124.26000213623047,124.26000213623047,174953
2021-02-26 12:33:00-05:00,124.26000213623047,124.27999877929688,124.20999908447266,124.23500061035156,124.23500061035156,101132
2021-02-26 12:34:00-05:00,124.23999786376953,124.33000183105469,124.05000305175781,124.08999633789062,124.08999633789062,207840
2021-02-26 12:35:00-05:00,124.08000183105469,124.16929626464844,123.9800033569336,124.14990234375,124.14990234375,242163
2021-02-26 12:36:00-05:00,124.1500015258789,124.23999786376953,124.02999877929688,124.05000305175781,124.05000305175781,181290
2021-02-26 12:37:00-05:00,124.05069732666016,124.16000366210938,123.88999938964844,123.9708023071289,123.9708023071289,205671
2021-02-26 12:38:00-05:00,123.9749984741211,124.00920104980469,123.87000274658203,123.94000244140625,123.94000244140625,162514
2021-02-26 12:39:00-05:00,123.93499755859375,123.9800033569336,123.83999633789062,123.89009857177734,123.89009857177734,166227
2021-02-26 12:40:00-05:00,123.91000366210938,123.94000244140625,123.7750015258789,123.91999816894531,123.91999816894531,208614
2021-02-26 12:41:00-05:00,123.91999816894531,123.95999908447266,123.9000015258789,123.93820190429688,123.93820190429688,130498
2021-02-26 12:42:00-05:00,123.93000030517578,123.9489974975586,123.77999877929688,123.82499694824219,123.82499694824219,166837
2021-02-26 12:43:00-05:00,123.82499694824219,123.94999694824219,123.73999786376953,123.89900207519531,123.89900207519531,198606
2021-02-26 12:44:00-05:00,123.88500213623047,123.9000015258789,123.75,123.83989715576172,123.83989715576172,166657
2021-02-26 12:45:00-05:00,123.83999633789062,123.88999938964844,123.70999908447266,123.87010192871094,123.87010192871094,207607
2021-02-26 12:46:00-05:00,123.87000274658203,123.9800033569336,123.83000183105469,123.9000015258789,123.9000015258789,195739
2021-02-26 12:47:00-05:00,123.8949966430664,123.91999816894531,123.7500991821289,123.78800201416016,123.78800201416016,209476
2021-02-26 12:48:00-05:00,123.79000091552734,124.05000305175781,123.77999877929688,124.01000213623047,124.01000213623047,183528
2021-02-26 12:49:00-05:00,124.01499938964844,124.0250015258789,123.93000030517578,123.93000030517578,123.93000030517578,131433
2021-02-26 12:50:00-05:00,123.93000030517578,123.9800033569336,123.7300033569336,123.9800033569336,123.9800033569336,191510
2021-02-26 12:51:00-05:00,123.9800033569336,124.04000091552734,123.87000274658203,124.0199966430664,124.0199966430664,168395
2021-02-26 12:52:00-05:00,124.02159881591797,124.16999816894531,123.9801025390625,124.15989685058594,124.15989685058594,176675
2021-02-26 12:53:00-05:00,124.1593017578125,124.22000122070312,124.11000061035156,124.22000122070312,124.22000122070312,126438
2021-02-26 12:54:00-05:00,124.19999694824219,124.19999694824219,123.91000366210938,123.91999816894531,123.91999816894531,241347
2021-02-26 12:55:00-05:00,123.92890167236328,123.95999908447266,123.75,123.95999908447266,123.95999908447266,274901
2021-02-26 12:56:00-05:00,123.97000122070312,124.0,123.69129943847656,123.78500366210938,123.78500366210938,234999
2021-02-26 12:57:00-05:00,123.79000091552734,123.7936019897461,123.62000274658203,123.6698989868164,123.6698989868164,199947
2021-02-26 12:58:00-05:00,123.68000030517578,123.70999908447266,123.58999633789062,123.65989685058594,123.65989685058594,177128
2021-02-26 12:59:00-05:00,123.6500015258789,123.70999908447266,123.58499908447266,123.68000030517578,123.68000030517578,165940
2021-02-26 13:00:00-05:00,123.68499755859375,123.69860076904297,123.44999694824219,123.4800033569336,123.4800033569336,267977
2021-02-26 13:01:00-05:00,123.47000122070312,123.54000091552734,123.38999938964844,123.4000015258789,123.4000015258789,250982
2021-02-26 13:02:00-05:00,123.4000015258789,123.42990112304688,123.30000305175781,123.41600036621094,123.41600036621094,194894
2021-02-26 13:03:00-05:00,123.43000030517578,123.52850341796875,123.38300323486328,123.50370025634766,123.50370025634766,163248
2021-02-26 13:04:00-05:00,123.5,123.5,123.2699966430664,123.41000366210938,123.41000366210938,242079
2021-02-26 13:05:00-05:00,123.4000015258789,123.5,123.25499725341797,123.38079833984375,123.38079833984375,211478
2021-02-26 13:06:00-05:00,123.38999938964844,123.55999755859375,123.37999725341797,123.54989624023438,123.54989624023438,188271
2021-02-26 13:07:00-05:00,123.52999877929688,123.69000244140625,123.47000122070312,123.62999725341797,123.62999725341797,222151
2021-02-26 13:08:00-05:00,123.62999725341797,123.63009643554688,123.47000122070312,123.56169891357422,123.56169891357422,139847
2021-02-26 13:09:00-05:00,123.5999984741211,123.8499984741211,123.54000091552734,123.81999969482422,123.81999969482422,239499
2021-02-26 13:10:00-05:00,123.80999755859375,123.83499908447266,123.66999816894531,123.72000122070312,123.72000122070312,204678
2021-02-26 13:11:00-05:00,123.7300033569336,123.86009979248047,123.68000030517578,123.73999786376953,123.73999786376953,151968
2021-02-26 13:12:00-05:00,123.73999786376953,123.83999633789062,123.62999725341797,123.66000366210938,123.66000366210938,141801
2021-02-26 13:13:00-05:00,123.66999816894531,123.69999694824219,123.5199966430664,123.55000305175781,123.55000305175781,163956
2021-02-26 13:14:00-05:00,123.55000305175781,123.73999786376953,123.5,123.70120239257812,123.70120239257812,140479
2021-02-26 13:15:00-05:00,123.7249984741211,123.79000091552734,123.5999984741211,123.72000122070312,123.72000122070312,148250
2021-02-26 13:16:00-05:00,123.7300033569336,123.83999633789062,123.62000274658203,123.75499725341797,123.75499725341797,174854
2021-02-26 13:17:00-05:00,123.76000213623047,123.80000305175781,123.70999908447266,123.79499816894531,123.79499816894531,112160
2021-02-26 13:18:00-05:00,123.79499816894531,123.87999725341797,123.75499725341797,123.83999633789062,123.83999633789062,144623
2021-02-26 13:19:00-05:00,123.83999633789062,123.9000015258789,123.7699966430664,123.79000091552734,123.79000091552734,132431
2021-02-26 13:20:00-05:00,123.77999877929688,123.93000030517578,123.7699966430664,123.91999816894531,123.91999816894531,159057
2021-02-26 13:21:00-05:00,123.91000366210938,124.06999969482422,123.90499877929688,124.05010223388672,124.05010223388672,233660
2021-02-26 13:22:00-05:00,124.05999755859375,124.1050033569336,123.98999786376953,124.03009796142578,124.03009796142578,195648
2021-02-26 13:23:00-05:00,124.0199966430664,124.12999725341797,124.01000213623047,124.0999984741211,124.0999984741211,108778
2021-02-26 13:24:00-05:00,124.0999984741211,124.12000274658203,124.01499938964844,124.04499816894531,124.04499816894531,124994
2021-02-26 13:25:00-05:00,124.05000305175781,124.17009735107422,124.05000305175781,124.13500213623047,124.13500213623047,152086
2021-02-26 13:26:00-05:00,124.12999725341797,124.20999908447266,124.12000274658203,124.19010162353516,124.19010162353516,141439
2021-02-26 13:27:00-05:00,124.19000244140625,124.29000091552734,124.19000244140625,124.26000213623047,124.26000213623047,187069
2021-02-26 13:28:00-05:00,124.26000213623047,124.31999969482422,124.26000213623047,124.30000305175781,124.30000305175781,143069
2021-02-26 13:29:00-05:00,124.30989837646484,124.31999969482422,124.18060302734375,124.27999877929688,124.27999877929688,159791
2021-02-26 13:30:00-05:00,124.29000091552734,124.3499984741211,124.08999633789062,124.1500015258789,124.1500015258789,248460
2021-02-26 13:31:00-05:00,124.1500015258789,124.19499969482422,124.0,124.08000183105469,124.08000183105469,249471
2021-02-26 13:32:00-05:00,124.08000183105469,124.11920166015625,124.0,124.05000305175781,124.05000305175781,201024
2021-02-26 13:33:00-05:00,124.05159759521484,124.05159759521484,123.81999969482422,123.83499908447266,123.83499908447266,253089
2021-02-26 13:34:00-05:00,123.83000183105469,123.94000244140625,123.80000305175781,123.86499786376953,123.86499786376953,145070
2021-02-26 13:35:00-05:00,123.87000274658203,123.88500213623047,123.7300033569336,123.88009643554688,123.88009643554688,192666
2021-02-26 13:36:00-05:00,123.88999938964844,123.9000015258789,123.7249984741211,123.81929779052734,123.81929779052734,117369
2021-02-26 13:37:00-05:00,123.80999755859375,123.80999755859375,123.68000030517578,123.69000244140625,123.69000244140625,145305
2021-02-26 13:38:00-05:00,123.69000244140625,123.70500183105469,123.5615005493164,123.58000183105469,123.58000183105469,191956
2021-02-26 13:39:00-05:00,123.58499908447266,123.69999694824219,123.55000305175781,123.65989685058594,123.65989685058594,177829
2021-02-26 13:40:00-05:00,123.6500015258789,123.72000122070312,123.57080078125,123.66000366210938,123.66000366210938,147211
2021-02-26 13:41:00-05:00,123.66999816894531,123.7249984741211,123.57499694824219,123.67500305175781,123.67500305175781,163537
2021-02-26 13:42:00-05:00,123.68990325927734,123.69999694824219,123.55500030517578,123.55989837646484,123.55989837646484,227377
2021-02-26 13:43:00-05:00,123.55999755859375,123.58000183105469,123.45999908447266,123.57240295410156,123.57240295410156,185384
2021-02-26 13:44:00-05:00,123.58000183105469,123.76000213623047,123.57499694824219,123.73079681396484,123.73079681396484,171445
2021-02-26 13:45:00-05:00,123.7300033569336,123.91999816894531,123.69999694824219,123.89350128173828,123.89350128173828,204365
2021-02-26 13:46:00-05:00,123.9000015258789,123.91000366210938,123.51000213623047,123.52989959716797,123.52989959716797,244554
2021-02-26 13:47:00-05:00,123.5199966430664,123.5199966430664,123.13999938964844,123.13999938964844,123.13999938964844,342276
2021-02-26 13:48:00-05:00,123.1500015258789,123.16000366210938,123.0,123.0199966430664,123.0199966430664,429950
2021-02-26 13:49:00-05:00,123.0199966430664,123.19999694824219,123.01000213623047,123.16500091552734,123.16500091552734,269300
2021-02-26 13:50:00-05:00,123.16999816894531,123.18000030517578,122.8499984741211,122.875,122.875,370376
2021-02-26 13:51:00-05:00,122.87000274658203,123.01000213623047,122.80000305175781,122.97000122070312,122.97000122070312,303997
2021-02-26 13:52:00-05:00,122.96499633789062,123.00499725341797,122.8550033569336,122.875,122.875,215999
2021-02-26 13:53:00-05:00,122.87930297851562,122.95999908447266,122.83000183105469,122.95999908447266,122.95999908447266,193666
2021-02-26 13:54:00-05:00,122.94999694824219,122.9749984741211,122.83000183105469,122.83999633789062,122.83999633789062,180696
2021-02-26 13:55:00-05:00,122.83499908447266,123.12999725341797,122.76000213623047,123.12000274658203,123.12000274658203,379130
2021-02-26 13:56:00-05:00,123.12999725341797,123.30000305175781,123.11080169677734,123.2300033569336,123.2300033569336,421272
2021-02-26 13:57:00-05:00,123.2300033569336,123.33999633789062,123.11000061035156,123.33000183105469,123.33000183105469,262464
2021-02-26 13:58:00-05:00,123.33000183105469,123.33999633789062,123.2300033569336,123.30000305175781,123.30000305175781,163435
2021-02-26 13:59:00-05:00,123.30000305175781,123.3053970336914,123.05999755859375,123.06999969482422,123.06999969482422,250004
2021-02-26 14:00:00-05:00,123.06999969482422,123.27999877929688,123.0,123.22599792480469,123.22599792480469,328633
2021-02-26 14:01:00-05:00,123.2300033569336,123.38999938964844,123.19000244140625,123.19999694824219,123.19999694824219,229880
2021-02-26 14:02:00-05:00,123.20500183105469,123.4000015258789,123.20500183105469,123.31999969482422,123.31999969482422,195314
2021-02-26 14:03:00-05:00,123.31999969482422,123.33999633789062,123.16999816894531,123.22000122070312,123.22000122070312,153186
2021-02-26 14:04:00-05:00,123.20999908447266,123.23999786376953,122.93000030517578,122.97000122070312,122.97000122070312,304082
2021-02-26 14:05:00-05:00,122.9800033569336,123.01000213623047,122.82499694824219,122.97000122070312,122.97000122070312,279561
2021-02-26 14:06:00-05:00,122.94999694824219,123.12999725341797,122.93000030517578,122.93499755859375,122.93499755859375,248348
2021-02-26 14:07:00-05:00,122.94000244140625,122.96720123291016,122.80000305175781,122.86000061035156,122.86000061035156,199944
2021-02-26 14:08:00-05:00,122.87000274658203,123.08000183105469,122.86499786376953,123.0199966430664,123.0199966430664,271342
2021-02-26 14:09:00-05:00,123.0199966430664,123.19000244140625,123.00980377197266,123.02010345458984,123.02010345458984,239386
2021-02-26 14:10:00-05:00,123.0199966430664,123.06999969482422,122.94000244140625,123.01000213623047,123.01000213623047,208775
2021-02-26 14:11:00-05:00,123.01010131835938,123.07939910888672,122.91999816894531,123.01000213623047,123.01000213623047,216418
2021-02-26 14:12:00-05:00,123.0199966430664,123.22010040283203,123.0199966430664,123.11699676513672,123.11699676513672,189233
2021-02-26 14:13:00-05:00,123.11000061035156,123.3550033569336,123.08000183105469,123.30000305175781,123.30000305175781,191701
2021-02-26 14:14:00-05:00,123.30999755859375,123.31400299072266,123.19999694824219,123.25530242919922,123.25530242919922,177447
2021-02-26 14:15:00-05:00,123.26000213623047,123.41999816894531,123.18000030517578,123.33999633789062,123.33999633789062,211143
2021-02-26 14:16:00-05:00,123.33999633789062,123.33999633789062,123.04000091552734,123.05999755859375,123.05999755859375,210201
2021-02-26 14:17:00-05:00,123.05000305175781,123.16000366210938,122.94999694824219,123.05000305175781,123.05000305175781,343367
2021-02-26 14:18:00-05:00,123.05999755859375,123.12999725341797,122.8729019165039,122.91000366210938,122.91000366210938,287047
2021-02-26 14:19:00-05:00,122.91999816894531,122.95500183105469,122.80999755859375,122.9000015258789,122.9000015258789,234656
2021-02-26 14:20:00-05:00,122.93000030517578,122.94499969482422,122.80000305175781,122.83000183105469,122.83000183105469,191182
2021-02-26 14:21:00-05:00,122.82499694824219,122.93499755859375,122.79000091552734,122.86000061035156,122.86000061035156,252867
2021-02-26 14:22:00-05:00,122.86000061035156,123.12999725341797,122.78500366210938,123.0,123.0,434028
2021-02-26 14:23:00-05:00,123.0,123.01000213623047,122.87000274658203,122.98650360107422,122.98650360107422,221484
2021-02-26 14:24:00-05:00,122.98500061035156,123.0199966430664,122.81999969482422,122.82499694824219,122.82499694824219,211114
2021-02-26 14:25:00-05:00,122.82009887695312,122.95999908447266,122.77999877929688,122.9000015258789,122.9000015258789,216814
2021-02-26 14:26:00-05:00,122.91000366210938,122.9800033569336,122.9000015258789,122.95999908447266,122.95999908447266,103521
2021-02-26 14:27:00-05:00,122.97000122070312,123.03099822998047,122.87000274658203,122.98500061035156,122.98500061035156,209589
2021-02-26 14:28:00-05:00,122.98500061035156,123.11000061035156,122.98500061035156,123.11000061035156,123.11000061035156,183429
2021-02-26 14:29:00-05:00,123.0999984741211,123.1050033569336,122.98999786376953,123.04989624023438,123.04989624023438,165406
2021-02-26 14:30:00-05:00,123.04000091552734,123.18499755859375,122.9000015258789,123.18499755859375,123.18499755859375,264127
2021-02-26 14:31:00-05:00,123.18000030517578,123.41000366210938,123.16000366210938,123.34500122070312,123.34500122070312,355227
2021-02-26 14:32:00-05:00,123.34500122070312,123.36000061035156,123.15989685058594,123.20500183105469,123.20500183105469,521153
2021-02-26 14:33:00-05:00,123.21929931640625,123.25,123.13800048828125,123.22000122070312,123.22000122070312,159356
2021-02-26 14:34:00-05:00,123.20999908447266,123.4800033569336,123.20999908447266,123.45989990234375,123.45989990234375,315738
2021-02-26 14:35:00-05:00,123.47000122070312,123.5,123.41000366210938,123.48500061035156,123.48500061035156,194549
2021-02-26 14:36:00-05:00,123.48500061035156,123.54000091552734,123.33000183105469,123.375,123.375,273504
2021-02-26 14:37:00-05:00,123.37999725341797,123.4800033569336,123.3499984741211,123.46499633789062,123.46499633789062,153675
2021-02-26 14:38:00-05:00,123.47000122070312,123.5999984741211,123.47000122070312,123.55999755859375,123.55999755859375,214053
2021-02-26 14:39:00-05:00,123.55030059814453,123.5999984741211,123.44999694824219,123.4800033569336,123.4800033569336,171259
2021-02-26 14:40:00-05:00,123.47000122070312,123.47000122070312,123.27999877929688,123.375,123.375,224619
2021-02-26 14:41:00-05:00,123.38569641113281,123.44999694824219,123.28990173339844,123.41000366210938,123.41000366210938,164306
2021-02-26 14:42:00-05:00,123.4000015258789,123.48999786376953,123.16000366210938,123.22000122070312,123.22000122070312,221091
2021-02-26 14:43:00-05:00,123.2300033569336,123.30000305175781,123.08999633789062,123.17990112304688,123.17990112304688,185389
2021-02-26 14:44:00-05:00,123.17500305175781,123.17500305175781,123.0199966430664,123.125,123.125,200756
2021-02-26 14:45:00-05:00,123.1500015258789,123.30000305175781,123.12999725341797,123.24600219726562,123.24600219726562,169760
2021-02-26 14:46:00-05:00,123.25,123.3550033569336,123.25,123.30000305175781,123.30000305175781,119393
2021-02-26 14:47:00-05:00,123.29499816894531,123.62999725341797,123.29000091552734,123.5999984741211,123.5999984741211,281926
2021-02-26 14:48:00-05:00,123.59500122070312,123.6449966430664,123.52999877929688,123.55889892578125,123.55889892578125,172653
2021-02-26 14:49:00-05:00,123.55999755859375,123.5999984741211,123.46499633789062,123.52999877929688,123.52999877929688,165922
2021-02-26 14:50:00-05:00,123.5199966430664,123.55000305175781,123.33999633789062,123.51499938964844,123.51499938964844,250563
2021-02-26 14:51:00-05:00,123.5199966430664,123.5999984741211,123.41999816894531,123.43499755859375,123.43499755859375,264903
2021-02-26 14:52:00-05:00,123.43000030517578,123.62999725341797,123.43000030517578,123.47000122070312,123.47000122070312,213209
2021-02-26 14:53:00-05:00,123.4749984741211,123.66999816894531,123.4749984741211,123.63999938964844,123.63999938964844,195179
2021-02-26 14:54:00-05:00,123.65010070800781,123.6792984008789,123.36000061035156,123.55500030517578,123.55500030517578,297376
2021-02-26 14:55:00-05:00,123.54000091552734,123.68000030517578,123.44999694824219,123.54000091552734,123.54000091552734,242131
2021-02-26 14:56:00-05:00,123.55999755859375,123.63500213623047,123.47000122070312,123.55000305175781,123.55000305175781,174816
2021-02-26 14:57:00-05:00,123.55000305175781,123.68499755859375,123.5199966430664,123.62000274658203,123.62000274658203,196726
2021-02-26 14:58:00-05:00,123.61000061035156,123.61000061035156,123.47000122070312,123.47000122070312,123.47000122070312,153723
2021-02-26 14:59:00-05:00,123.46499633789062,123.6050033569336,123.41999816894531,123.58999633789062,123.58999633789062,172338
2021-02-26 15:00:00-05:00,123.58999633789062,123.83999633789062,123.58000183105469,123.80000305175781,123.80000305175781,317455
2021-02-26 15:01:00-05:00,123.79499816894531,123.79499816894531,123.66000366210938,123.69989776611328,123.69989776611328,158411
2021-02-26 15:02:00-05:00,123.69499969482422,123.83000183105469,123.68000030517578,123.80500030517578,123.80500030517578,203551
2021-02-26 15:03:00-05:00,123.80500030517578,123.88999938964844,123.77100372314453,123.79000091552734,123.79000091552734,314911
2021-02-26 15:04:00-05:00,123.80000305175781,123.87999725341797,123.79000091552734,123.87000274658203,123.87000274658203,117924
2021-02-26 15:05:00-05:00,123.87000274658203,123.88999938964844,123.75,123.86000061035156,123.86000061035156,174900
2021-02-26 15:06:00-05:00,123.86499786376953,124.0999984741211,123.8550033569336,124.02999877929688,124.02999877929688,325600
2021-02-26 15:07:00-05:00,124.04000091552734,124.04000091552734,123.94000244140625,123.9800033569336,123.9800033569336,201315
2021-02-26 15:08:00-05:00,123.97000122070312,124.03500366210938,123.84929656982422,123.92939758300781,123.92939758300781,224611
2021-02-26 15:09:00-05:00,123.92500305175781,124.19999694824219,123.92500305175781,124.0999984741211,124.0999984741211,488687
2021-02-26 15:10:00-05:00,124.0999984741211,124.177001953125,124.05999755859375,124.16000366210938,124.16000366210938,238768
2021-02-26 15:11:00-05:00,124.16000366210938,124.16000366210938,124.02999877929688,124.04000091552734,124.04000091552734,207512
2021-02-26 15:12:00-05:00,124.05000305175781,124.06999969482422,123.85420227050781,123.8949966430664,123.8949966430664,266296
2021-02-26 15:13:00-05:00,123.9000015258789,123.94999694824219,123.83000183105469,123.87999725341797,123.87999725341797,143986
2021-02-26 15:14:00-05:00,123.87000274658203,123.97000122070312,123.79499816894531,123.91999816894531,123.91999816894531,257898
2021-02-26 15:15:00-05:00,123.91999816894531,124.09010314941406,123.91999816894531,124.08000183105469,124.08000183105469,262128
2021-02-26 15:16:00-05:00,124.08999633789062,124.22000122070312,124.05500030517578,124.18499755859375,124.18499755859375,263256
2021-02-26 15:17:00-05:00,124.18499755859375,124.18699645996094,124.08999633789062,124.18699645996094,124.18699645996094,168474
2021-02-26 15:18:00-05:00,124.19000244140625,124.29000091552734,124.1500015258789,124.26000213623047,124.26000213623047,348435
2021-02-26 15:19:00-05:00,124.26000213623047,124.29000091552734,124.16000366210938,124.23999786376953,124.23999786376953,205615
2021-02-26 15:20:00-05:00,124.23999786376953,124.27999877929688,124.10820007324219,124.24400329589844,124.24400329589844,263689
2021-02-26 15:21:00-05:00,124.25,124.36000061035156,124.21499633789062,124.23380279541016,124.23380279541016,366826
2021-02-26 15:22:00-05:00,124.23500061035156,124.33000183105469,124.01000213623047,124.0250015258789,124.0250015258789,620511
2021-02-26 15:23:00-05:00,124.0250015258789,124.16000366210938,124.01000213623047,124.06999969482422,124.06999969482422,217113
2021-02-26 15:24:00-05:00,124.07499694824219,124.11000061035156,123.91179656982422,123.95500183105469,123.95500183105469,296990
2021-02-26 15:25:00-05:00,123.94999694824219,123.94999694824219,123.76380157470703,123.80500030517578,123.80500030517578,282429
2021-02-26 15:26:00-05:00,123.80999755859375,123.89990234375,123.79000091552734,123.81999969482422,123.81999969482422,250564
2021-02-26 15:27:00-05:00,123.81999969482422,123.85009765625,123.68499755859375,123.77989959716797,123.77989959716797,374480
2021-02-26 15:28:00-05:00,123.7699966430664,123.7853012084961,123.5999984741211,123.62999725341797,123.62999725341797,264958
2021-02-26 15:29:00-05:00,123.62000274658203,123.7300033569336,123.56999969482422,123.63999938964844,123.63999938964844,236969
2021-02-26 15:30:00-05:00,123.62999725341797,123.75,123.48999786376953,123.54499816894531,123.54499816894531,450865
2021-02-26 15:31:00-05:00,123.54399871826172,123.66000366210938,123.50499725341797,123.62000274658203,123.62000274658203,248615
2021-02-26 15:32:00-05:00,123.62999725341797,123.69999694824219,123.55000305175781,123.59010314941406,123.59010314941406,389081
2021-02-26 15:33:00-05:00,123.5999984741211,123.73999786376953,123.59989929199219,123.70999908447266,123.70999908447266,231176
2021-02-26 15:34:00-05:00,123.70500183105469,123.81999969482422,123.62999725341797,123.68499755859375,123.68499755859375,252177
2021-02-26 15:35:00-05:00,123.66999816894531,123.8499984741211,123.625,123.77999877929688,123.77999877929688,273965
2021-02-26 15:36:00-05:00,123.77999877929688,123.77999877929688,123.55999755859375,123.65499877929688,123.65499877929688,268560
2021-02-26 15:37:00-05:00,123.6500015258789,123.80000305175781,123.63159942626953,123.70999908447266,123.70999908447266,236663
2021-02-26 15:38:00-05:00,123.69999694824219,123.83999633789062,123.68000030517578,123.78500366210938,123.78500366210938,194902
2021-02-26 15:39:00-05:00,123.78700256347656,124.02999877929688,123.7699966430664,123.98500061035156,123.98500061035156,338388
2021-02-26 15:40:00-05:00,123.9800033569336,124.04000091552734,123.8833999633789,124.00499725341797,124.00499725341797,375042
2021-02-26 15:41:00-05:00,124.00499725341797,124.08000183105469,123.9800033569336,124.02999877929688,124.02999877929688,275950
2021-02-26 15:42:00-05:00,124.0199966430664,124.16000366210938,123.95999908447266,124.1500015258789,124.1500015258789,296296
2021-02-26 15:43:00-05:00,124.1500015258789,124.33999633789062,124.1500015258789,124.26499938964844,124.26499938964844,367010
2021-02-26 15:44:00-05:00,124.26000213623047,124.33000183105469,124.16999816894531,124.16999816894531,124.16999816894531,383120
2021-02-26 15:45:00-05:00,124.19000244140625,124.58000183105469,124.18000030517578,124.58000183105469,124.58000183105469,1753163
2021-02-26 15:46:00-05:00,124.56999969482422,124.66000366210938,124.5199966430664,124.55000305175781,124.55000305175781,470435
2021-02-26 15:47:00-05:00,124.54000091552734,124.6500015258789,124.5199966430664,124.54000091552734,124.54000091552734,381135
2021-02-26 15:48:00-05:00,124.55000305175781,124.73999786376953,124.54000091552734,124.7300033569336,124.7300033569336,378326
2021-02-26 15:49:00-05:00,124.73999786376953,124.8499984741211,124.69999694824219,124.77130126953125,124.77130126953125,459679
2021-02-26 15:50:00-05:00,124.7699966430664,124.7699966430664,124.06999969482422,124.12000274658203,124.12000274658203,1225783
2021-02-26 15:51:00-05:00,124.0990982055664,124.33999633789062,124.05999755859375,124.11000061035156,124.11000061035156,607918
2021-02-26 15:52:00-05:00,124.1050033569336,124.30999755859375,124.05000305175781,124.08499908447266,124.08499908447266,696286
2021-02-26 15:53:00-05:00,124.08999633789062,124.08999633789062,123.41000366210938,123.48249816894531,123.48249816894531,1195919
2021-02-26 15:54:00-05:00,123.4800033569336,123.48500061035156,122.81999969482422,122.93000030517578,122.93000030517578,1189855
2021-02-26 15:55:00-05:00,122.94000244140625,123.08999633789062,122.55999755859375,122.73999786376953,122.73999786376953,1745620
2021-02-26 15:56:00-05:00,122.7300033569336,123.05000305175781,122.52999877929688,122.63999938964844,122.63999938964844,1208973
2021-02-26 15:57:00-05:00,122.6449966430664,122.79000091552734,122.5,122.58000183105469,122.58000183105469,1219933
2021-02-26 15:58:00-05:00,122.58000183105469,122.58999633789062,122.25,122.3219985961914,122.3219985961914,1640999
2021-02-26 15:59:00-05:00,122.33000183105469,122.36000061035156,121.20999908447266,121.20999908447266,121.20999908447266,3549068
